ID	Proteine 1	Proteine 2	Score Bin	Score PUL
975	NR1I3	NR1H4	-1.255272505103306	-0.5792485864082154
986	NR1I3	AR	-1.5563025007672873	-0.544175930199024
1009	NR1I3	ESR1	-1.4771212547196624	-0.4908905308025396
1026	NR1H4	AR	-1.1760912590556813	-0.4854053838094765
1046	NR1H4	ESR1	-1.3010299956639813	-0.5024556857013259
1337	AR	ESR1	-1.4313637641589874	-0.41605857936317386
