ID	Proteine 1	Proteine 2	Score Bin	Score PUL
78	GLI3	TP53	-1.5440680443502757	-0.7303133032364961
84	GLI3	AR	-1.7481880270062005	-0.6977154214262794
1135	TP53	AR	-1.6532125137753437	-0.6887744928937195
