ID	Proteine 1	Proteine 2	Score Bin	Score PUL
832	NFE2L2	NR1I3	-1.0	-0.5506986232492888
865	NFE2L2	ESR1	-1.505149978319906	-0.5535333448482828
1009	NR1I3	ESR1	-1.4771212547196624	-0.4908905308025396
1010	NR1I3	ESRRA	-2.12057393120585	0.1558878729673943
