ID	Proteine 1	Proteine 2	Score Bin	Score PUL
285	TSHR	JUN	-1.6812412373755872	-0.5457416282398417
324	TSHR	THRB	-1.6989700043360187	-0.7643080232093542
327	TSHR	FOS	-1.4771212547196624	-0.6503949047764482
508	JUN	THRB	-2.093421685162235	-0.7224511001855417
510	JUN	FOS	-1.8692317197309762	-0.45752569865628173
1630	THRB	FOS	-1.5185139398778875	-0.7337321105952307
